FacebookPage,RegionName
Cardinia Police Service Area,Cardinia
Melton Police Service Area,Melton
Greater Dandenong Police Service Area,Greater Dandenong
Knox Police Service Area,Knox
Whittlesea Police Service Area,Whittlesea
Geelong Police Service Area,Geelong
Frankston Police Service Area,Frankston
Wyndham Police Service Area,Wyndham
Ballarat Police Service Area,Ballarat
Latrobe Police Service Area,Latrobe
Brimbank Police Service Area,Brimbank
Greater Shepparton Police Service Area,Greater Shepparton
